Index Number,Cycle Number,Experiment Number,MS Level,Total Ion Current,Scan Start Time (min),Selected Ion m/z
0,1,1,1,99077.7982669884,0.001283333333,
1,2,1,1,274129.2633496,0.00335,
2,2,2,2,29776.5378017008,0.020716666667,285.289676135666
3,2,3,2,42398.561839869,0.03775,467.29972201164
4,3,1,1,262797.4834405,0.039783333333,
5,3,2,2,27448.2593244847,0.05715,124.08639233026
6,3,3,2,35758.6644512262,0.074183333333,489.312873317747
7,4,1,1,284705.1952798,0.076216666667,
8,4,2,2,16690.4143494231,0.0936,295.186874590549
9,4,3,2,26856.5292268436,0.110633333333,445.285522986541
10,5,1,1,265162.9784292,0.112666666667,
11,5,2,2,27250.4946717356,0.13,285.289134606182
12,5,3,2,40952.8346684005,0.14705,467.300755239472
13,6,1,1,258345.7843758,0.149083333333,
14,6,2,2,26192.7780983726,0.166433333333,124.086451097191
15,6,3,2,35717.758959364,0.183483333333,489.312067871737
16,7,1,1,265419.9040797,0.185516666667,
17,7,2,2,6516.01006931953,0.202883333333,59.059761773876
18,7,3,2,16638.3971415914,0.219916666667,295.188112095324
19,8,1,1,270715.4779273,0.22195,
20,8,2,2,26886.2640150807,0.2393,285.289757290449
21,8,3,2,40350.4282592419,0.256333333333,467.300546660504
22,9,1,1,252749.2953699,0.258366666667,
23,9,2,2,27297.068342551,0.275733333333,124.08650258097
24,9,3,2,34080.6739731611,0.292766666667,489.313195436263
25,10,1,1,257042.8185484,0.2948,
26,10,2,2,16817.1514000794,0.31215,295.188028520949
27,10,3,2,25802.6536956946,0.329183333333,445.286669311181
28,11,1,1,253218.8846407,0.331216666667,
29,11,2,2,27745.7294026756,0.348566666667,285.288961160542
30,11,3,2,39764.4980752412,0.3656,467.300127248943
31,12,1,1,258266.231035,0.36765,
32,12,2,2,26648.4300983131,0.384983333333,124.086163179254
33,12,3,2,37094.6139300379,0.402033333333,489.312517821482
34,13,1,1,334541.9434221,0.404066666667,
35,13,2,2,27072.6216934737,0.421566666667,162.112173989301
36,13,3,2,17756.1865525896,0.438616666667,464.283636016075
37,14,1,1,296284.5249925,0.44065,
38,14,2,2,45756.5059731846,0.458066666667,217.107441236885
39,14,3,2,83196.0815046867,0.475116666667,239.089140851419
40,15,1,1,540223.4382805,0.47715,
41,15,2,2,23446.0540706447,0.494616666667,173.080818810946
42,15,3,2,37349.7262721755,0.511666666667,455.188329533074
43,16,1,1,446065.2157058,0.513683333333,
44,16,2,2,50340.289759861,0.531133333333,470.202193288242
45,16,3,2,42533.2841012669,0.548183333333,475.157761280182
46,17,1,1,2082969.627417,0.5502,
47,17,2,2,397242.8811082,0.56765,387.180513760847
48,17,3,2,405802.658883,0.584683333333,432.237864151427
49,18,1,1,3028895.105593,0.58675,
50,18,2,2,148276.2205287,0.604133333333,409.161917370123
51,18,3,2,169731.7337389,0.621166666667,445.232919606645
52,19,1,1,828952.7238035,0.623216666667,
53,19,2,2,73759.5624548812,0.64055,225.195374053242
54,19,3,2,48518.0104197698,0.6576,425.136772788873
55,20,1,1,437550.582279,0.659633333333,
56,20,2,2,32327.8231654647,0.67705,387.179616130346
57,20,3,2,32924.565622863,0.6941,432.238108949949
58,21,1,1,390119.7501778,0.696133333333,
59,21,2,2,65000.8998813391,0.713566666667,409.162194932268
60,21,3,2,40181.9967542056,0.7306,467.299528023304
61,22,1,1,364033.3449291,0.732633333333,
62,22,2,2,28783.6132927217,0.750066666667,379.151973393616
63,22,3,2,16600.8957215903,0.7671,425.136637264606
64,23,1,1,297746.4659718,0.769133333333,
65,23,2,2,25761.8243511735,0.78655,124.086560206209
66,23,3,2,27774.1201230383,0.8036,285.28892317864
67,24,1,1,285484.3591037,0.805633333333,
68,24,2,2,41425.5083510918,0.823066666667,467.300848813178
69,24,3,2,33648.5611425801,0.8401,489.313417670585
70,25,1,1,281125.6534606,0.84215,
71,25,2,2,6764.93112993468,0.859583333333,59.059822143248
72,25,3,2,20417.3987834973,0.876616666667,511.325413905167
73,26,1,1,284890.5967652,0.87865,
74,26,2,2,25700.7345446956,0.896066666667,124.086627217406
75,26,3,2,27160.7960838551,0.913116666667,285.289263312823
76,27,1,1,195796.6098756,0.91515,
77,27,2,2,14411.4396007638,0.932516666667,467.300855322189
78,27,3,2,34759.6833463274,0.949566666667,489.312738340354
79,28,1,1,295596.0981522,0.9516,
80,28,2,2,15660.2450626021,0.969,295.186970746615
81,28,3,2,26855.3818720277,0.98605,445.286471066516
82,29,1,1,281804.9234726,0.988083333333,
83,29,2,2,25213.7845187832,1.005483333333,124.086674420669
84,29,3,2,27515.5364149459,1.022533333333,285.289452448197
85,30,1,1,281320.0447185,1.02455,
86,30,2,2,40022.819637677,1.042016666667,467.300174026025
87,30,3,2,34610.6728648058,1.059066666667,489.312992812805
88,31,1,1,352950.3203042,1.0611,
89,31,2,2,29513.2097954514,1.078533333333,550.279982706521
90,31,3,2,33926.0854644271,1.095583333333,563.27468727798
91,32,1,1,341212.156856,1.097616666667,
92,32,2,2,26410.2465186065,1.115016666667,124.087195679145
93,32,3,2,9739.84917235366,1.132066666667,505.221910731123
94,33,1,1,285648.6741013,1.1341,
95,33,2,2,27786.5265786189,1.151516666667,285.289130468241
96,33,3,2,39691.807055271,1.16855,467.300772996481
97,34,1,1,292845.655225,1.170583333333,
98,34,2,2,35390.8209287688,1.188,489.313693510195
99,34,3,2,20832.672248988,1.20505,511.32614544326
100,35,1,1,295241.365531,1.207083333333,
101,35,2,2,26387.8758084034,1.224533333333,124.086130174213
102,35,3,2,27799.5306295607,1.241583333333,445.286139925586
103,36,1,1,328501.1428823,1.243616666667,
104,36,2,2,32020.8528953569,1.26105,424.34155457552
105,36,3,2,40107.8313614744,1.278083333333,467.300006287781
106,37,1,1,290910.0743257,1.280133333333,
107,37,2,2,27924.4709542394,1.297533333333,285.289962808197
108,37,3,2,34249.4077332677,1.314583333333,489.313235369946
109,38,1,1,205194.2996546,1.316616666667,
110,38,2,2,3975.95058973506,1.334,124.086706035127
111,38,3,2,26088.40379038,1.35105,224.126869109393
112,39,1,1,288653.5470434,1.353083333333,
113,39,2,2,6648.96630074533,1.3705,59.059739998749
114,39,3,2,40042.6673068244,1.387533333333,467.300152207719
115,40,1,1,284429.564228,1.389583333333,
116,40,2,2,27997.975286607,1.407,285.28916503421
117,40,3,2,34275.4328293581,1.42405,489.31261725046
118,41,1,1,292116.0197227,1.426083333333,
119,41,2,2,26988.0292910802,1.443516666667,124.086285530446
120,41,3,2,26413.8228278743,1.46055,445.286906527433
121,42,1,1,304162.1786009,1.462583333333,
122,42,2,2,16242.7623040002,1.48005,295.187376157804
123,42,3,2,40326.2077132157,1.497083333333,467.300189896257
124,43,1,1,505978.5284429,1.499133333333,
125,43,2,2,114058.5830751,1.51655,489.227163576614
126,43,3,2,74622.864578955,1.5336,547.280534065384
127,44,1,1,296157.0362441,1.535616666667,
128,44,2,2,60916.669405098,1.553033333333,522.35544023948
129,44,3,2,19180.3166088841,1.570066666667,534.285190097627
130,45,1,1,576329.095503,1.572116666667,
131,45,2,2,67679.7623617255,1.58955,544.336593192352
132,45,3,2,17391.8967393188,1.6066,612.323193516641
133,46,1,1,423430.4449959,1.608633333333,
134,46,2,2,38479.775111722,1.626066666667,467.299691778038
135,46,3,2,71930.9129857981,1.6431,480.307842730481
136,47,1,1,590317.8291479,1.645133333333,
137,47,2,2,376724.6149915,1.66255,426.357116658952
138,47,3,2,103066.2438248,1.6796,448.339502089145
139,48,1,1,5318806.407222,1.681633333333,
140,48,2,2,397266.5243197,1.699083333333,522.355024933055
141,48,3,2,243602.6405179,1.716133333333,544.337214196844
142,49,1,1,3499366.528342,1.718183333333,
143,49,2,2,52184.8626834062,1.735466666667,560.309941016629
144,49,3,2,48098.947415859,1.752516666667,612.322799986362
145,50,1,1,1014184.208634,1.75455,
146,50,2,2,108900.6265937,1.771866666667,426.357601519454
147,50,3,2,232313.2493337,1.788916666667,480.308356748704
148,51,1,1,545343.2353831,1.79095,
149,51,2,2,30679.7788097155,1.808383333333,502.290795230219
150,51,3,2,24520.1655709922,1.825433333333,522.354684705251
151,52,1,1,345269.5274192,1.827466666667,
152,52,2,2,27930.609278268,1.844883333333,285.290242522631
153,52,3,2,38986.7644099071,1.861933333333,467.299656835311
154,53,1,1,328765.391437,1.863966666667,
155,53,2,2,20178.6274807907,1.881416666667,426.356896619737
156,53,3,2,34623.6842791441,1.89845,489.313363843874
157,54,1,1,345598.3670438,1.900483333333,
158,54,2,2,6643.30686735656,1.917933333333,59.060119280628
159,54,3,2,25352.6440448498,1.934966666667,124.086477089626
160,55,1,1,332847.3512519,1.937,
161,55,2,2,28188.8736546678,1.954433333333,285.289348651263
162,55,3,2,40733.1039303117,1.971466666667,467.300535946169
163,56,1,1,324464.7480704,1.9735,
164,56,2,2,16567.3547141654,1.990933333333,295.187147420654
165,56,3,2,34304.6358512242,2.007983333333,489.313364457009
166,57,1,1,324202.3032623,2.010033333333,
167,57,2,2,5828.05613648254,2.02745,59.059842560293
168,57,3,2,26384.6697344815,2.0445,124.086576421967
169,58,1,1,322432.6609234,2.046533333333,
170,58,2,2,27710.0382503333,2.06395,285.289321912708
171,58,3,2,40773.51432119,2.081,467.299099590394
172,59,1,1,340078.6205288,2.083033333333,
173,59,2,2,26195.6858044233,2.1005,445.286289099804
174,59,3,2,35054.2953839815,2.117533333333,489.312798377025
175,60,1,1,335645.9218587,2.119566666667,
176,60,2,2,26916.7104146904,2.137033333333,124.086728305923
177,60,3,2,16228.3941152825,2.154083333333,295.187912172403
178,61,1,1,1053875.720451,2.156116666667,
179,61,2,2,288486.795862,2.17355,344.316083894364
180,61,3,2,316236.3594281,2.1906,366.297938814265
181,62,1,1,2613220.715009,2.19265,
182,62,2,2,73842.0689071217,2.210083333333,326.305302144571
183,62,3,2,29675.5821640313,2.227116666667,346.322020674891
184,63,1,1,763319.90936,2.22915,
185,63,2,2,35154.5496808474,2.246483333333,382.272337511251
186,63,3,2,39725.2268155462,2.263516666667,467.300882843603
187,64,1,1,359762.1790732,2.265566666667,
188,64,2,2,25804.335174921,2.283033333333,344.315131543588
189,64,3,2,21359.2608768374,2.300066666667,366.298032614437
190,65,1,1,364849.9701427,2.3021,
191,65,2,2,24964.4492924302,2.319533333333,124.086755976434
192,65,3,2,34037.8041236776,2.336583333333,489.312801125411
193,66,1,1,369097.5461081,2.338616666667,
194,66,2,2,29057.7155101659,2.3561,285.290070020017
195,66,3,2,39607.1059683638,2.373133333333,467.300711122998
196,67,1,1,365532.2649174,2.375166666667,
197,67,2,2,6257.00953394633,2.39265,59.060076752293
198,67,3,2,19827.8680612689,2.4097,457.157572583748
199,68,1,1,358716.0658638,2.411733333333,
200,68,2,2,27102.0040738225,2.4292,124.086461046795
201,68,3,2,34203.7200846883,2.44625,489.313583539314
202,69,1,1,379172.3425531,2.448266666667,
203,69,2,2,29387.6963758347,2.465733333333,285.289925674538
204,69,3,2,23254.7337712147,2.482783333333,582.3400724893
205,70,1,1,391695.1113013,2.484816666667,
206,70,2,2,39275.7809389755,2.502283333333,467.300019936483
207,70,3,2,45741.4344199987,2.519316666667,482.32381081882
208,71,1,1,385521.8824857,2.521366666667,
209,71,2,2,26808.2369313402,2.538833333333,124.086867214899
210,71,3,2,34849.8916290899,2.555866666667,489.314526885665
211,72,1,1,363301.2346982,2.557916666667,
212,72,2,2,29441.8925294213,2.575366666667,285.289834474892
213,72,3,2,16508.1232015429,2.5924,295.188122012785
214,73,1,1,379521.2699175,2.594433333333,
215,73,2,2,39885.3073445957,2.611883333333,467.300569614834
216,73,3,2,32533.9930069373,2.628933333333,566.344390512053
217,74,1,1,405308.9404059,2.630966666667,
218,74,2,2,27034.4456828868,2.64845,124.086201688261
219,74,3,2,34936.1566357587,2.6655,489.313074467174
220,75,1,1,417409.2199737,2.667566666667,
221,75,2,2,6380.81992179355,2.685066666667,59.060211407661
222,75,3,2,30312.6480665314,2.7021,285.289767687802
223,76,1,1,406639.4139648,2.704133333333,
224,76,2,2,39687.2463842471,2.721616666667,467.300019840256
225,76,3,2,30706.2245887868,2.738666666667,566.344775682449
226,77,1,1,440234.116228,2.740683333333,
227,77,2,2,26765.7890542015,2.758183333333,124.086373792594
228,77,3,2,24900.7487327275,2.775233333333,357.299514273487
229,78,1,1,477714.6878857,2.777266666667,
230,78,2,2,30234.7095692256,2.794933333333,285.289246368722
231,78,3,2,33201.4506053683,2.811983333333,489.312722432174
232,79,1,1,251721.0103186,2.814016666667,
233,79,2,2,796.267743787064,2.83155,59.060207854462
234,79,3,2,37149.6785550034,2.848583333333,467.300133380087
235,80,1,1,972294.9207749,2.850633333333,
236,80,2,2,118908.2193088,2.8682,357.2994917029
237,80,3,2,103059.3964174,2.885233333333,379.281565865455
238,81,1,1,579190.9037275,2.887266666667,
239,81,2,2,31333.7209512437,2.904816666667,285.289386076481
240,81,3,2,10137.4620934781,2.92185,339.287868859084
241,82,1,1,564945.8019678,2.923883333333,
242,82,2,2,17882.7497094957,2.94145,328.32060334427
243,82,3,2,37987.5278719138,2.9585,467.299720257864
244,83,1,1,583485.1981667,2.960533333333,
245,83,2,2,26031.9954683521,2.978116666667,124.086886500528
246,83,3,2,17895.7998870498,2.99515,632.391057569828
247,84,1,1,566668.1758872,2.997183333333,
248,84,2,2,31852.5999531735,3.014766666667,285.289334690235
249,84,3,2,32499.2451783933,3.031816666667,489.312457238585
250,85,1,1,603565.0692819,3.03385,
251,85,2,2,36154.6622248847,3.051433333333,467.299985740825
252,85,3,2,94017.3582881689,3.068466666667,646.406632657646
253,86,1,1,652775.9475316,3.070516666667,
254,86,2,2,27056.1699765153,3.088116666667,124.086636674547
255,86,3,2,12425.0242191863,3.105166666667,896.511898569722
256,87,1,1,619224.0125295,3.1072,
257,87,2,2,33828.812575406,3.124816666667,285.289409084367
258,87,3,2,31616.1161721682,3.14185,489.313503634754
259,88,1,1,643529.4709867,3.143883333333,
260,88,2,2,20148.1859237819,3.161483333333,279.092770142042
261,88,3,2,37849.5615341553,3.178533333333,467.299885565572
262,89,1,1,411863.3696968,3.180566666667,
263,89,2,2,4532.09245602423,3.1981,124.086317343043
264,89,3,2,12517.0691664594,3.21515,672.42297014735
265,90,1,1,673148.456113,3.217183333333,
266,90,2,2,32647.2275188181,3.2348,285.289487323697
267,90,3,2,42800.2819004543,3.25185,864.523778735185
268,91,1,1,669852.4814098,3.253866666667,
269,91,2,2,36981.7504137818,3.271533333333,467.30034967573
270,91,3,2,31263.9822755239,3.288583333333,489.313301754651
271,92,1,1,668992.834096,3.2906,
272,92,2,2,6567.06787475119,3.3082,59.060147227796
273,92,3,2,25953.4293817072,3.32525,124.08699389844
274,93,1,1,642164.522536,3.327283333333,
275,93,2,2,33502.721566814,3.344966666667,285.289443200424
276,93,3,2,7877.98758715625,3.362,773.439466764075
277,94,1,1,585445.9689226,3.36405,
278,94,2,2,21651.155648221,3.381616666667,279.092994275321
279,94,3,2,32173.7706229744,3.398666666667,489.314857946137
280,95,1,1,604585.4859268,3.4007,
281,95,2,2,27079.5639577452,3.418283333333,124.086472157748
282,95,3,2,37152.7664652367,3.435333333333,467.299292040667
283,96,1,1,582861.2623596,3.437366666667,
284,96,2,2,6643.74441995811,3.454966666667,59.060216236785
285,96,3,2,33662.301386291,3.472016666667,285.289539298063
286,97,1,1,605797.7005339,3.47405,
287,97,2,2,22179.8967190315,3.491633333333,279.09287942531
288,97,3,2,32390.1832762532,3.508683333333,489.313785674314
289,98,1,1,637723.1712941,3.510716666667,
290,98,2,2,36103.6284119065,3.528316666667,467.299879144771
291,98,3,2,21704.9961345383,3.54535,864.5225796282
292,99,1,1,624064.9119222,3.547383333333,
293,99,2,2,25827.0453731777,3.565116666667,124.086751541698
294,99,3,2,33511.491396461,3.58215,285.289580376026
295,100,1,1,586400.3634332,3.584216666667,
296,100,2,2,6460.19831134351,3.601833333333,59.059837207718
297,100,3,2,22036.4289456144,3.618883333333,279.092647855268
298,101,1,1,353709.3418567,3.6209,
299,101,2,2,7206.03600740378,3.638383333333,224.127175628068
300,101,3,2,37090.5132490097,3.655433333333,467.301063948018
301,102,1,1,627286.3646241,3.657466666667,
302,102,2,2,33528.0439994624,3.675166666667,285.289894633387
303,102,3,2,48292.1683714783,3.6922,338.340969955455
304,103,1,1,590016.2308075,3.69425,
305,103,2,2,26913.0081391433,3.711833333333,124.086668094219
306,103,3,2,32561.3495920397,3.728866666667,489.312438679978
307,104,1,1,573765.2554171,3.7309,
308,104,2,2,20016.736664933,3.7485,295.187635354884
309,104,3,2,37381.4049448552,3.76555,467.300583565488
310,105,1,1,614165.2843402,3.767583333333,
311,105,2,2,34272.4487693596,3.785166666667,285.289940386703
312,105,3,2,9581.36491589977,3.8022,822.482189537155
313,106,1,1,612850.6060448,3.804233333333,
314,106,2,2,26329.1677120667,3.82185,124.08671971671
315,106,3,2,14580.6016512863,3.838883333333,864.523123577398
316,107,1,1,629389.4960645,3.840916666667,
317,107,2,2,27945.4563081226,3.858533333333,625.408456719647
318,107,3,2,26632.4661278246,3.875566666667,683.462281636241
319,108,1,1,603632.9936945,3.8776,
320,108,2,2,33938.4553790329,3.8952,285.289298203743
321,108,3,2,37206.3008235486,3.91225,467.299796235254
322,109,1,1,568262.5714873,3.914283333333,
323,109,2,2,26910.3680179889,3.931883333333,124.086108480311
324,109,3,2,32836.2720909289,3.948916666667,489.313199211185
325,110,1,1,575252.7905394,3.950966666667,
326,110,2,2,22977.9476508538,3.96855,279.092722459732
327,110,3,2,19806.3356549355,3.985583333333,295.187821231153
328,111,1,1,551805.9325775,3.987633333333,
329,111,2,2,6092.51899277476,4.005233333333,59.059958889445
330,111,3,2,33348.9625395403,4.022266666667,285.289616920295
331,112,1,1,576412.6842758,4.0243,
332,112,2,2,27071.2543125593,4.041933333333,124.086465711932
333,112,3,2,36571.5091939736,4.058983333333,467.300797354358
334,113,1,1,555169.4452714,4.061016666667,
335,113,2,2,23567.8707915261,4.0786,279.092472061063
336,113,3,2,32054.6319716868,4.09565,489.312914501238
337,114,1,1,567447.8522156,4.0977,
338,114,2,2,34756.4263085118,4.115283333333,285.289496557592
339,114,3,2,20213.7729705575,4.132333333333,295.18762138311
340,115,1,1,613277.1300804,4.134366666667,
341,115,2,2,25927.7471130047,4.15195,124.086740143072
342,115,3,2,37084.6028146191,4.169,467.300310913563
343,116,1,1,625220.7172177,4.171033333333,
344,116,2,2,46599.3172492103,4.188633333333,340.356571285656
345,116,3,2,30615.8397324135,4.205683333333,447.343860896184
346,117,1,1,620935.8922104,4.2077,
347,117,2,2,23241.1673901552,4.225316666667,279.092734129009
348,117,3,2,34035.3068089727,4.24235,285.289104147759
349,118,1,1,640010.4497696,4.244383333333,
350,118,2,2,29666.9674065847,4.261983333333,425.361687572795
351,118,3,2,37617.5730942362,4.279016666667,489.439933481735
352,119,1,1,679770.0328506,4.281066666667,
353,119,2,2,48744.1693616708,4.298666666667,447.344462785621
354,119,3,2,12777.3919028924,4.315716666667,766.538260421415
355,120,1,1,654339.9007989,4.31775,
356,120,2,2,27480.4776465527,4.335366666667,124.086567986471
357,120,3,2,34420.8357004718,4.3524,285.290061460724
358,121,1,1,457299.8782795,4.354433333333,
359,121,2,2,13890.9221281529,4.37195,653.439693691156
360,121,3,2,38986.7862658802,4.388983333333,711.493472473755
361,122,1,1,688899.1042649,4.391016666667,
362,122,2,2,6599.71651569606,4.408616666667,59.059899050348
363,122,3,2,25964.6382389603,4.42565,447.343441071385
364,123,1,1,622046.5900886,4.427683333333,
365,123,2,2,28024.7954718613,4.445283333333,124.086545189843
366,123,3,2,33835.246865128,4.462333333333,285.290225389154
367,124,1,1,589054.7732157,4.46435,
368,124,2,2,23723.4032778769,4.481966666667,279.093441947202
369,124,3,2,35893.9763935564,4.499,467.300139542605
370,125,1,1,657844.864447,4.50105,
371,125,2,2,42015.9148141631,4.518633333333,531.406950043369
372,125,3,2,69625.7641228245,4.535683333333,553.388983755898
373,126,1,1,627382.093069,4.537716666667,
374,126,2,2,6575.84160090926,4.5553,59.059943810088
375,126,3,2,34175.3996414494,4.57235,285.289080855416
376,127,1,1,590888.9784313,4.574383333333,
377,127,2,2,27234.5424505388,4.591966666667,124.086722459686
378,127,3,2,35996.8944516734,4.609,467.299476856368
379,128,1,1,620360.4322386,4.61105,
380,128,2,2,24048.9796903693,4.62865,279.093026289708
381,128,3,2,31952.9772232408,4.645683333333,489.312395725157
382,129,1,1,641811.5266141,4.647716666667,
383,129,2,2,6297.81661597762,4.665333333333,59.059844978488
384,129,3,2,35090.4106110272,4.682366666667,285.290305283138
385,130,1,1,602834.465394,4.6844,
386,130,2,2,26402.1451077912,4.702,124.086212496414
387,130,3,2,37013.6703517222,4.71905,467.299651416962
388,131,1,1,597264.8709628,4.721083333333,
389,131,2,2,24241.655105314,4.738683333333,279.093424760632
390,131,3,2,31736.8866900281,4.755716666667,489.313362062694
391,132,1,1,631078.884019,4.757766666667,
392,132,2,2,35233.9549052193,4.77535,285.289759914343
393,132,3,2,28438.6728676482,4.7924,782.531587445118
394,133,1,1,635206.2864227,4.794433333333,
395,133,2,2,6231.68546847245,4.812016666667,59.060077599964
396,133,3,2,27054.5494519069,4.829066666667,124.086141201895
397,134,1,1,589824.1427979,4.8311,
398,134,2,2,24670.8756530288,4.848683333333,279.093088541372
399,134,3,2,31332.038665476,4.865733333333,489.312485601745
400,135,1,1,772649.3682999,4.867766666667,
401,135,2,2,122651.6865157,4.885366666667,563.502521970913
402,135,3,2,64117.5953823901,4.9024,603.494835462404
403,136,1,1,1015511.688019,4.90445,
404,136,2,2,49190.7715644702,4.922066666667,619.469063750893
405,136,3,2,32584.9144420762,4.9391,845.513801621314
406,137,1,1,1015689.73016,4.941133333333,
407,137,2,2,168345.0738218,4.958733333333,748.511871125886
408,137,3,2,68254.5032344561,4.975783333333,770.493720147663
409,138,1,1,948737.6249259,4.977816666667,
410,138,2,2,34735.9913522361,4.995433333333,285.28955652781
411,138,3,2,128944.1545285,5.012483333333,563.502405146425
412,139,1,1,958356.7249438,5.014516666667,
413,139,2,2,67342.1269644328,5.03215,603.495545066003
414,139,3,2,85077.7498160191,5.049183333333,757.497968427053
415,140,1,1,1667383.730859,5.051233333333,
416,140,2,2,228650.2178087,5.068866666667,729.58944133118
417,140,3,2,385959.8326667,5.085916666667,751.571513628806
418,141,1,1,2352795.863655,5.087983333333,
419,141,2,2,88363.0136667262,5.105516666667,563.502831430538
420,141,3,2,79894.1715240419,5.122566666667,819.558955435887
421,142,1,1,2139040.533706,5.1246,
422,142,2,2,35096.7905491075,5.141983333333,285.289461647601
423,142,3,2,37841.5181997367,5.159033333333,767.545627362505
424,143,1,1,331975.2857346,5.161066666667,
425,143,2,2,27540.7475885004,5.1784,729.588832758951
426,143,3,2,30038.6904688218,5.195433333333,751.571011364237
427,144,1,1,669585.5503771,5.197466666667,
428,144,2,2,26192.4455186619,5.215083333333,124.086315370105
429,144,3,2,26488.0209369392,5.232116666667,522.595293902826
430,145,1,1,649358.9115504,5.23415,
431,145,2,2,25278.1171974121,5.251766666667,279.092704833576
432,145,3,2,35831.4367940435,5.2688,285.289511725848
433,146,1,1,625576.5084698,5.270833333333,
434,146,2,2,35934.6560718056,5.28845,467.300195706135
435,146,3,2,30981.5951255447,5.305483333333,489.312902692909
436,147,1,1,630401.972125,5.307516666667,
437,147,2,2,26955.2288631243,5.325133333333,124.086553054947
438,147,3,2,21596.1679631733,5.342183333333,295.188288936775
439,148,1,1,786135.2284021,5.344216666667,
440,148,2,2,79356.1798538473,5.36185,506.492967465998
441,148,3,2,358359.4133748,5.3789,546.485249813007
442,149,1,1,2867503.678018,5.380933333333,
443,149,2,2,559007.3372492,5.398683333333,746.569450212336
444,149,3,2,307782.9039227,5.415733333333,768.550925641152
445,150,1,1,4914520.773112,5.417783333333,
446,150,2,2,121072.2515894,5.4352,524.503060290295
447,150,3,2,80089.886331504,5.452233333333,562.459174285541
448,151,1,1,2142082.144306,5.454266666667,
449,151,2,2,81815.2109626683,5.4716,506.49325133689
450,151,3,2,60673.3292301719,5.488633333333,546.485773405018
451,152,1,1,547214.0029508,5.490666666667,
452,152,2,2,53483.7403874614,5.508016666667,746.569873934605
453,152,3,2,15566.0344727379,5.525066666667,768.549722367565
454,153,1,1,738181.148163,5.5271,
455,153,2,2,35575.7347871872,5.544833333333,285.289549436277
456,153,3,2,165763.4229654,5.561883333333,704.522239453133
457,154,1,1,1242733.67106,5.563933333333,
458,154,2,2,101117.1455129,5.581583333333,563.502415479119
459,154,3,2,226560.2221504,5.598616666667,589.395988631696
460,155,1,1,1652542.707197,5.600666666667,
461,155,2,2,99408.2289849902,5.618433333333,726.503433010137
462,155,3,2,139626.9925103,5.635483333333,792.551941924662
463,156,1,1,1464258.053437,5.63755,
464,156,2,2,129566.3690448,5.655166666667,651.533749411662
465,156,3,2,32999.1197269281,5.6722,704.521701548511
466,157,1,1,5294485.104214,5.67425,
467,157,2,2,331450.3803433,5.6919,515.412303861222
468,157,3,2,498494.8304328,5.708933333333,537.394533022113
469,158,1,1,12914292.71298,5.711,
470,158,2,2,525809.6610442,5.728366666667,663.45313849668
471,158,3,2,263833.919575,5.74535,792.553441595886
472,159,1,1,11328411.98378,5.7474,
473,159,2,2,124842.4995981,5.764716666667,329.213958159028
474,159,3,2,340301.590578,5.78175,520.507759972366
475,160,1,1,3439424.943864,5.783816666667,
476,160,2,2,207945.8797273,5.801166666667,515.412590044383
477,160,3,2,48588.9876297254,5.818133333333,537.39444313864
478,161,1,1,898571.9425495,5.82015,
479,161,2,2,66034.2831607958,5.837516666667,560.500213540336
480,161,3,2,349575.0548035,5.854566666667,768.551947515501
481,162,1,1,1579814.225783,5.856633333333,
482,162,2,2,152977.8451921,5.874183333333,627.534179743524
483,162,3,2,400141.5815261,5.891216666667,790.535218425028
484,163,1,1,7446655.806766,5.893283333333,
485,163,2,2,183302.923901,5.910733333333,812.516971758404
486,163,3,2,44655.4731252605,5.927783333333,880.504955634309
487,164,1,1,7459544.377976,5.929816666667,
488,164,2,2,592301.1505908,5.94705,768.555231052908
489,164,3,2,40333.5024176004,5.9641,828.489682046071
490,165,1,1,1300693.903347,5.966133333333,
491,165,2,2,92040.2732710502,5.98345,627.533795689954
492,165,3,2,18125.3654846286,6.0005,790.534980383404
493,166,1,1,635369.9747206,6.002533333333,
494,166,2,2,35183.6659798256,6.020016666667,285.289425128312
495,166,3,2,27137.5670089653,6.037066666667,663.450927420209
496,167,1,1,736048.5932466,6.039083333333,
497,167,2,2,34957.3154636095,6.056816666667,467.300909523218
498,167,3,2,31297.3656808831,6.073866666667,489.313468571251
499,168,1,1,763842.9468543,6.0759,
500,168,2,2,27441.4599886956,6.093566666667,124.085943433312
501,168,3,2,26246.6981041957,6.1106,279.092821933552
502,169,1,1,744985.5186269,6.112633333333,
503,169,2,2,6455.50429624984,6.130283333333,59.059792811822
504,169,3,2,35822.0188162603,6.147333333333,285.290278662295
505,170,1,1,734812.7321617,6.14935,
506,170,2,2,34029.4163599808,6.166983333333,467.300046368736
507,170,3,2,25553.5805808444,6.184033333333,663.452696904111
508,171,1,1,412614.770848,6.186066666667,
509,171,2,2,4504.11011037703,6.203583333333,124.087077911332
510,171,3,2,26700.2335401751,6.220616666667,279.092025847348
511,172,1,1,751803.2354042,6.222666666667,
512,172,2,2,36063.2498348295,6.2403,285.289879450388
513,172,3,2,25291.0980457454,6.257333333333,759.550122239659
514,173,1,1,729520.0828407,6.259366666667,
515,173,2,2,34909.8555679914,6.277133333333,467.299493002854
516,173,3,2,25016.2965907623,6.294183333333,663.453840866878
517,174,1,1,741831.6306458,6.296216666667,
518,174,2,2,6131.5211041314,6.31385,59.059833811993
519,174,3,2,27798.4439918663,6.3309,124.086528738317
520,175,1,1,723647.126804,6.332933333333,
521,175,2,2,27434.2422647951,6.350566666667,279.092786304867
522,175,3,2,36906.7424450534,6.367616666667,285.289242640165
523,176,1,1,748052.2259133,6.36965,
524,176,2,2,34928.4031273259,6.3873,467.30053687738
525,176,3,2,24479.5145356984,6.404333333333,663.452739667145
526,177,1,1,793856.3379612,6.406366666667,
527,177,2,2,26596.7550777323,6.424016666667,124.086491242724
528,177,3,2,23739.9529452648,6.44105,759.549019404466
529,178,1,1,425893.1441267,6.4431,
530,178,2,2,789.448427790212,6.4606,59.05967997176
531,178,3,2,35969.1327275409,6.477633333333,285.289570772468
532,179,1,1,792639.3168215,6.479683333333,
533,179,2,2,28013.6976429947,6.497333333333,279.092690473226
534,179,3,2,21280.5586800956,6.514383333333,295.187137091903
535,180,1,1,989191.9815689,6.516416666667,
536,180,2,2,38948.4369661109,6.53405,563.502123817908
537,180,3,2,242436.8303744,6.5511,603.494528333881
538,181,1,1,1660106.33683,6.553133333333,
539,181,2,2,41423.0476599981,6.570883333333,569.432401798026
540,181,3,2,114469.4297601,6.587933333333,619.469062317322
541,182,1,1,1725292.082703,6.589966666667,
542,182,2,2,59663.3444320099,6.607583333333,339.288855018834
543,182,3,2,85144.815336607,6.624616666667,598.539674990136
544,183,1,1,1350856.824323,6.62665,
545,183,2,2,69881.3389975775,6.64425,563.502590634916
546,183,3,2,114906.5043481,6.6613,603.495442895057
547,184,1,1,788644.4989567,6.66335,
548,184,2,2,37509.2403476788,6.680916666667,285.28999995524
549,184,3,2,10942.8108031711,6.697966666667,619.469327303257
550,185,1,1,752462.8219342,6.699983333333,
551,185,2,2,26541.6949066873,6.717783333333,124.086147077612
552,185,3,2,22844.8030197388,6.734816666667,663.452665563636
553,186,1,1,765301.3420981,6.73685,
554,186,2,2,27754.1045028849,6.754516666667,279.093248389794
555,186,3,2,17231.4174666056,6.77155,758.221099567093
556,187,1,1,756232.787014,6.773583333333,
557,187,2,2,6200.15792205697,6.791466666667,59.05951843347
558,187,3,2,37942.2646789166,6.8085,285.289762749389
559,188,1,1,759211.8299325,6.81055,
560,188,2,2,22786.8599851008,6.828183333333,295.187843574927
561,188,3,2,34378.8272935815,6.845233333333,467.300494545768
562,189,1,1,765908.3936774,6.847266666667,
563,189,2,2,26953.2527542513,6.8649,124.086914413751
564,189,3,2,29231.3861258299,6.88195,279.093022390115
565,190,1,1,770561.5442447,6.883983333333,
566,190,2,2,6087.60072489514,6.90165,59.059615205161
567,190,3,2,38635.2193562425,6.918683333333,285.289953721098
568,191,1,1,739376.4993962,6.920733333333,
569,191,2,2,34967.4848983,6.938383333333,467.299142496277
570,191,3,2,22812.8855484768,6.955433333333,663.452985249195
571,192,1,1,737509.2505169,6.957466666667,
572,192,2,2,26181.7267997882,6.9751,124.086470699442
573,192,3,2,29547.865515414,6.99215,279.09320831282
574,193,1,1,738276.8557101,6.9942,
575,193,2,2,6233.54280114134,7.011866666667,59.05982037226
576,193,3,2,37753.3065774322,7.0289,285.289927970698
577,194,1,1,739893.1647523,7.030933333333,
578,194,2,2,34460.6933382235,7.048566666667,467.30107558539
579,194,3,2,21887.506172438,7.065616666667,663.453612596333
580,195,1,1,1040216.514765,7.067633333333,
581,195,2,2,131642.4852295,7.085283333333,576.570266842719
582,195,3,2,363430.6576926,7.102316666667,616.56329911549
583,196,1,1,1676577.355096,7.104383333333,
584,196,2,2,55441.424701203,7.122033333333,594.580595579627
585,196,3,2,106319.9577804,7.139083333333,632.537137400289
586,197,1,1,1737553.721272,7.141116666667,
587,197,2,2,37914.7033087409,7.1586,285.289052866309
588,197,3,2,20889.240188814,7.175633333333,644.557527004552
589,198,1,1,950361.9783881,7.177683333333,
590,198,2,2,66455.0461446846,7.195116666667,576.571363955602
591,198,3,2,64081.7297454056,7.212166666667,616.563499150593
592,199,1,1,794997.386615,7.2142,
593,199,2,2,27287.7704157836,7.23185,124.086355457151
594,199,3,2,29167.21249093,7.248883333333,279.093234706408
595,200,1,1,799600.4563565,7.250916666667,
596,200,2,2,37167.9399282043,7.26855,285.28975748638
597,200,3,2,250259.305682,7.2856,647.457940397757
598,201,1,1,1197047.365291,7.28765,
599,201,2,2,6303.15321275537,7.305316666667,59.060008003516
600,201,3,2,24045.9407088132,7.322366666667,663.451805857449
601,202,1,1,1351059.911965,7.3244,
602,202,2,2,29588.7002733257,7.342016666667,279.092961869283
603,202,3,2,12607.9847388081,7.35905,832.241061437717
604,203,1,1,858636.530497,7.361083333333,
605,203,2,2,37330.7307160106,7.378633333333,285.290366505878
606,203,3,2,50207.8308839044,7.395683333333,647.457774762525
607,204,1,1,772327.4314741,7.397716666667,
608,204,2,2,26876.787038712,7.415433333333,124.086690878907
609,204,3,2,33405.4612530376,7.432466666667,467.300458241453
610,205,1,1,769104.1264777,7.434516666667,
611,205,2,2,30333.5304105812,7.452183333333,279.092909633099
612,205,3,2,21241.0068577954,7.469233333333,663.45334958225
613,206,1,1,758546.901917,7.471266666667,
614,206,2,2,37982.883556406,7.488916666667,285.289740869172
615,206,3,2,24208.5440470158,7.50595,295.187010900221
616,207,1,1,761084.8777886,7.507983333333,
617,207,2,2,6438.7352358669,7.5257,59.060216622703
618,207,3,2,26984.7030761787,7.54275,124.086600981829
619,208,1,1,764989.246855,7.544783333333,
620,208,2,2,29451.3731587288,7.562566666667,279.093182871541
621,208,3,2,21717.0927609196,7.579616666667,663.45294970632
622,209,1,1,766932.5614913,7.581633333333,
623,209,2,2,38310.3124681601,7.5993,285.290176133577
624,209,3,2,34054.2627326662,7.61635,467.299618332449
625,210,1,1,770301.8334977,7.618366666667,
626,210,2,2,26671.8959056882,7.636016666667,124.086431963496
627,210,3,2,22989.5830774876,7.653066666667,445.286321908242
628,211,1,1,831343.4006493,7.655116666667,
629,211,2,2,30748.9681244197,7.672766666667,279.092682751613
630,211,3,2,21230.5826658159,7.689816666667,663.452190653371
631,212,1,1,853672.5861111,7.691833333333,
632,212,2,2,5846.44708158387,7.709616666667,59.059891528845
633,212,3,2,38607.3842604519,7.72665,285.289584610667
634,213,1,1,833969.6131112,7.7287,
635,213,2,2,27035.996956879,7.746366666667,124.08617367908
636,213,3,2,45760.1185115517,7.7634,621.487966115532
637,214,1,1,864820.9444977,7.765433333333,
638,214,2,2,30621.2282415308,7.7831,279.093147296184
639,214,3,2,33700.6380841305,7.800133333333,467.299861754008
640,215,1,1,871400.7968895,7.802183333333,
641,215,2,2,6184.12245570147,7.819833333333,59.060142353156
642,215,3,2,39302.9808233006,7.836883333333,285.289448815919
643,216,1,1,843322.75492,7.838916666667,
644,216,2,2,26845.0587858767,7.856583333333,124.086790490914
645,216,3,2,29060.4920095026,7.873633333333,489.313203144082
646,217,1,1,814476.1747873,7.875666666667,
647,217,2,2,31060.0151062342,7.89335,279.09367310196
648,217,3,2,21924.8158070352,7.9104,663.452829854247
649,218,1,1,816938.3848875,7.912433333333,
650,218,2,2,38559.2171855848,7.930216666667,285.289862768817
651,218,3,2,24750.4237161625,7.947266666667,295.187224576873
652,219,1,1,788172.6802746,7.949283333333,
653,219,2,2,6341.51784002771,7.96695,59.060036449117
654,219,3,2,27002.6600540032,7.984,124.086878871542
655,220,1,1,815415.4663265,7.986033333333,
656,220,2,2,31009.0887731133,8.003716666667,279.093445030994
657,220,3,2,21892.310342822,8.02075,663.452283256539
658,221,1,1,809053.7220377,8.022783333333,
659,221,2,2,37979.121159853,8.04045,285.289289741852
660,221,3,2,25065.0432230507,8.0575,295.187172562298
661,222,1,1,819629.2833633,8.059533333333,
662,222,2,2,26677.7302194863,8.077216666667,124.086558302141
663,222,3,2,32825.8714171972,8.094266666667,467.299529788675
664,223,1,1,802175.3482485,8.0963,
665,223,2,2,31222.7799799242,8.113983333333,279.093203219735
666,223,3,2,21128.4658541777,8.131033333333,663.452562988784
667,224,1,1,838217.1614747,8.133066666667,
668,224,2,2,5949.66618447719,8.15075,59.059750857643
669,224,3,2,38606.5873151,8.1678,285.28942337038
670,225,1,1,815544.0996497,8.169833333333,
671,225,2,2,26805.973252397,8.187566666667,124.086768938729
672,225,3,2,25365.008852826,8.204616666667,295.187862457139
673,226,1,1,836972.7687746,8.20665,
674,226,2,2,31162.6500100148,8.224566666667,279.093108199231
675,226,3,2,20937.5502075366,8.2416,663.453958896609
676,227,1,1,807414.0567144,8.243633333333,
677,227,2,2,38366.6399149874,8.261533333333,285.289468003604
678,227,3,2,32958.7567745987,8.278566666667,467.300243276942
679,228,1,1,813049.0845275,8.2806,
680,228,2,2,6203.48530350376,8.298283333333,59.06010168143
681,228,3,2,26750.0124579624,8.315316666667,124.086157964181
682,229,1,1,829271.4274496,8.31735,
683,229,2,2,32656.6316716988,8.335133333333,279.092698985309
684,229,3,2,25672.9472236902,8.352166666667,295.18749001253
685,230,1,1,858397.1770853,8.3542,
686,230,2,2,39579.5223898086,8.3719,285.289575197534
687,230,3,2,21600.1465550715,8.388933333333,663.452829741269
688,231,1,1,835070.2602968,8.390966666667,
689,231,2,2,27220.429564116,8.408666666667,124.086325974176
690,231,3,2,32776.5599004345,8.425716666667,467.300034465865
691,232,1,1,818933.7652506,8.42775,
692,232,2,2,6058.13420943071,8.445416666667,59.059691516617
693,232,3,2,32436.2144334246,8.462466666667,279.092952965016
694,233,1,1,834852.5174169,8.4645,
695,233,2,2,38235.7838882046,8.482166666667,285.289835124781
696,233,3,2,22202.2905603291,8.4992,663.453044344837
697,234,1,1,781304.4301443,8.50125,
698,234,2,2,27670.9476033966,8.518916666667,124.086196583857
699,234,3,2,25821.6123607859,8.535966666667,295.18726441975
700,235,1,1,832556.0486063,8.538,
701,235,2,2,6298.85918926087,8.555666666667,59.059803371278
702,235,3,2,31892.4167718161,8.572716666667,279.093138451474
703,236,1,1,810152.8036463,8.57475,
704,236,2,2,39495.4341891185,8.592433333333,285.289749534246
705,236,3,2,21983.8298984897,8.609466666667,663.45140321269
706,237,1,1,848158.3892271,8.6115,
707,237,2,2,27669.721872645,8.629216666667,124.086073308994
708,237,3,2,25710.2019502777,8.646266666667,295.187151495606
709,238,1,1,824338.2321987,8.6483,
710,238,2,2,6374.7351737965,8.665983333333,59.059940045705
711,238,3,2,32929.803575271,8.683033333333,279.093161414502
712,239,1,1,846455.889402,8.68505,
713,239,2,2,39307.1574084485,8.702733333333,285.289803649303
714,239,3,2,31426.2225754311,8.719783333333,467.299865257816
715,240,1,1,841542.5295382,8.721816666667,
716,240,2,2,26490.766376866,8.739666666667,124.086572936162
717,240,3,2,21692.0409485974,8.7567,663.452796053279
718,241,1,1,844253.02029,8.758716666667,
719,241,2,2,6454.57769219167,8.776433333333,59.059771113902
720,241,3,2,32461.4148993689,8.793483333333,279.093018179574
721,242,1,1,839529.8031695,8.795516666667,
722,242,2,2,39618.8662168336,8.81335,285.289802454394
723,242,3,2,31262.3898112252,8.8304,467.298874740409
724,243,1,1,836064.7924635,8.832433333333,
725,243,2,2,26767.4690494396,8.850216666667,124.086679250161
726,243,3,2,22082.0580736741,8.86725,663.452807803186
727,244,1,1,859358.9428658,8.869283333333,
728,244,2,2,6414.24625134855,8.887,59.060181574693
729,244,3,2,33032.9915502112,8.90405,279.092780319024
730,245,1,1,841680.8486034,8.906083333333,
731,245,2,2,39894.7784221671,8.923766666667,285.289360686185
732,245,3,2,26799.2975711288,8.940816666667,295.186866326623
733,246,1,1,845347.9641424,8.94285,
734,246,2,2,26477.8759515916,8.960666666667,124.086684344091
735,246,3,2,21737.2904977596,8.9777,663.453060427932
736,247,1,1,849324.1435516,8.979733333333,
737,247,2,2,6368.5860242389,8.997433333333,59.059822924277
738,247,3,2,33595.6196428351,9.014466666667,279.092971961949
739,248,1,1,831450.6995119,9.0165,
740,248,2,2,40302.2256760066,9.034183333333,285.289340136579
741,248,3,2,27275.7580956424,9.051216666667,295.187488721272
742,249,1,1,866622.7819538,9.05325,
743,249,2,2,27596.5083326992,9.07095,124.086504557154
744,249,3,2,22118.6859319639,9.088,663.452618858456
745,250,1,1,798435.0449757,9.090016666667,
746,250,2,2,10806.4452800445,9.107733333333,279.093583079063
747,250,3,2,31579.833070925,9.124766666667,467.299509581298
748,251,1,1,858722.7571957,9.126816666667,
749,251,2,2,5956.12259787148,9.1445,59.059843179011
750,251,3,2,39696.0805409339,9.161533333333,285.289326798763
751,252,1,1,888917.563658,9.163583333333,
752,252,2,2,28715.8095932788,9.18135,124.086326435857
753,252,3,2,22355.6573332018,9.198383333333,663.452381082384
754,253,1,1,728135.7148311,9.200416666667,
755,253,2,2,10665.085681501,9.218083333333,279.093065769928
756,253,3,2,30457.8656875824,9.235116666667,467.298554841564
757,254,1,1,871480.6532652,9.237166666667,
758,254,2,2,6147.60718257559,9.25485,59.059759022848
759,254,3,2,40106.0967513445,9.2719,285.289040943931
760,255,1,1,866642.8831384,9.273933333333,
761,255,2,2,26961.5059069231,9.291733333333,124.086482110076
762,255,3,2,22488.7495795699,9.308766666667,663.452187791717
763,256,1,1,865674.0182289,9.3108,
764,256,2,2,34705.1526458412,9.328483333333,279.093267721526
765,256,3,2,27973.6339966115,9.345533333333,295.187347397462
766,257,1,1,856703.5162966,9.347566666667,
767,257,2,2,40507.6590674491,9.36525,285.28936660681
768,257,3,2,30496.9751510707,9.3823,467.299454081676
769,258,1,1,884560.1439556,9.38435,
770,258,2,2,26371.6717086869,9.402033333333,124.08670584957
771,258,3,2,23443.6219455682,9.419083333333,663.451497076991
772,259,1,1,941530.8300903,9.4211,
773,259,2,2,33834.2404873087,9.438833333333,279.09275246335
774,259,3,2,28289.8249466001,9.455866666667,295.187625408001
775,260,1,1,895172.1137439,9.457916666667,
776,260,2,2,41193.6480259512,9.475616666667,285.289583333556
777,260,3,2,29593.6885660756,9.49265,467.301974618117
778,261,1,1,474303.4415332,9.4947,
779,261,2,2,885.270517128499,9.51225,59.060060116767
780,261,3,2,25813.2223861555,9.5293,124.086886567943
781,262,1,1,894388.9379994,9.531333333333,
782,262,2,2,34658.640498246,9.549033333333,279.092829942407
783,262,3,2,28293.3718426794,9.566083333333,295.186784896156
784,263,1,1,905414.2807589,9.568116666667,
785,263,2,2,40270.1345898845,9.585833333333,285.290008260672
786,263,3,2,23546.7796815898,9.602866666667,663.454031299585
787,264,1,1,897508.0381591,9.6049,
788,264,2,2,25369.0856922382,9.6226,124.086516855532
789,264,3,2,30565.3821758885,9.639633333333,467.2999521703
790,265,1,1,936867.3631392,9.641666666667,
791,265,2,2,6288.29847025863,9.659383333333,59.059983474333
792,265,3,2,35278.0459875929,9.676416666667,279.092736360495
793,266,1,1,940254.8011573,9.67845,
794,266,2,2,41044.1259511805,9.696183333333,285.289330365481
795,266,3,2,24132.2229842092,9.713233333333,663.453211381012
796,267,1,1,910525.9846956,9.715266666667,
797,267,2,2,26067.7438618508,9.732966666667,124.086396041372
798,267,3,2,28620.9094603297,9.75,295.187721273571
799,268,1,1,681030.1729744,9.752033333333,
800,268,2,2,50951.8964368645,9.76965,369.351049110158
801,268,3,2,103374.147891,9.7867,695.572677078504
802,269,1,1,1269951.315362,9.788733333333,
803,269,2,2,41571.9270888474,9.806433333333,285.28952902566
804,269,3,2,24605.8172361678,9.823466666667,711.546256774438
805,270,1,1,1348152.301054,9.8255,
806,270,2,2,35104.3380614953,9.843216666667,279.092862699536
807,270,3,2,27123.4657136026,9.86025,663.453018640769
808,271,1,1,1096975.210965,9.862283333333,
809,271,2,2,79002.4427231093,9.880016666667,369.350977956027
810,271,3,2,15457.4580688913,9.89705,695.572558116396
811,272,1,1,942478.2691845,9.899083333333,
812,272,2,2,25816.3298560342,9.916783333333,124.086837675347
813,272,3,2,42089.5206706925,9.933833333333,285.289890904803
814,273,1,1,953342.7246122,9.935866666667,
815,273,2,2,34894.9731330629,9.953583333333,279.093334271761
816,273,3,2,26391.5290469979,9.970616666667,663.452540482965
817,274,1,1,941170.7100247,9.97265,
818,274,2,2,6306.89661622316,9.99035,59.060095191199
819,274,3,2,29967.7308806735,10.0074,295.187799558517
820,275,1,1,946104.1494251,10.009433333333,
821,275,2,2,26682.3593688354,10.02715,124.086400532369
822,275,3,2,39736.3495277244,10.0442,285.290145896559
823,276,1,1,966834.4849002,10.046233333333,
824,276,2,2,36352.7127677571,10.06395,279.093010305369
825,276,3,2,26824.8870192337,10.081,663.451853106009
826,277,1,1,976543.2327746,10.083016666667,
827,277,2,2,30353.3692078951,10.10075,295.187311020438
828,277,3,2,16799.2965891183,10.1178,721.506013114686
829,278,1,1,969252.8114613,10.119833333333,
830,278,2,2,25578.8555365302,10.137566666667,124.086460655393
831,278,3,2,40765.4829842714,10.154616666667,285.289769597381
832,279,1,1,954867.8422721,10.15665,
833,279,2,2,36236.8096587795,10.174366666667,279.092566304994
834,279,3,2,27447.2709189685,10.1914,663.450877125492
835,280,1,1,1050979.143429,10.19345,
836,280,2,2,71990.9821552831,10.211166666667,822.752746644004
837,280,3,2,233116.7288468,10.228216666667,827.70831959104
838,281,1,1,2471024.510372,10.230266666667,
839,281,2,2,214232.8207744,10.247983333333,563.50249940456
840,281,3,2,163207.8071146,10.265033333333,843.682663192945
841,282,1,1,3369301.730877,10.267066666667,
842,282,2,2,35360.3801926454,10.284683333333,279.092520871395
843,282,3,2,124997.8120568,10.301716666667,523.471171982365
844,283,1,1,2626753.946038,10.30375,
845,283,2,2,288048.2673919,10.32135,822.753597608864
846,283,3,2,143518.1756616,10.3384,827.70913670262
847,284,1,1,1060131.728552,10.34045,
848,284,2,2,26654.671130744,10.358033333333,563.502254084204
849,284,3,2,13136.4806798549,10.375066666667,843.684060077322
850,285,1,1,978060.6259327,10.377116666667,
851,285,2,2,36404.6431943287,10.394833333333,279.092792214232
852,285,3,2,27838.745324513,10.411883333333,663.452107798024
853,286,1,1,1009136.863568,10.413916666667,
854,286,2,2,6323.36360619972,10.431633333333,59.059886573925
855,286,3,2,41667.7746294489,10.448666666667,285.289686208503
856,287,1,1,1018454.579275,10.450716666667,
857,287,2,2,26956.6039707984,10.468433333333,124.087017406253
858,287,3,2,30460.2357580275,10.485466666667,295.187142438185
859,288,1,1,1121064.549701,10.487516666667,
860,288,2,2,36777.1937353786,10.50525,279.09289811124
861,288,3,2,232112.0804585,10.522283333333,369.350828528608
862,289,1,1,1289839.968558,10.524316666667,
863,289,2,2,40431.7523103477,10.542066666667,285.289634347562
864,289,3,2,31063.3061688006,10.559116666667,663.452797605886
865,290,1,1,1385004.262792,10.56115,
866,290,2,2,25700.0344995914,10.578866666667,124.086388752515
867,290,3,2,13838.2682554651,10.595916666667,673.586602022733
868,291,1,1,1057214.009286,10.59795,
869,291,2,2,36900.8072984593,10.615616666667,279.092576765823
870,291,3,2,41902.9710040141,10.63265,369.35093551587
871,292,1,1,1041459.580385,10.634683333333,
872,292,2,2,40316.725402624,10.652433333333,285.289090580923
873,292,3,2,30362.0397482413,10.669483333333,663.451610778155
874,293,1,1,1056243.608626,10.671516666667,
875,293,2,2,6458.59021177626,10.689233333333,59.059813938799
876,293,3,2,17273.3720506897,10.706266666667,721.504963158484
877,294,1,1,1070926.754369,10.7083,
878,294,2,2,26217.6899701853,10.72605,124.086839841782
879,294,3,2,36388.9189280929,10.743083333333,279.09297863797
880,295,1,1,1055508.058032,10.745133333333,
881,295,2,2,40278.9291415391,10.76285,285.288884894616
882,295,3,2,31158.898596709,10.7799,663.451928775471
883,296,1,1,1045112.40671,10.781916666667,
884,296,2,2,23153.554787665,10.79965,288.921986392322
885,296,3,2,30995.5500142396,10.8167,295.187115600607
886,297,1,1,1078833.418495,10.818733333333,
887,297,2,2,26118.7168734746,10.836466666667,124.086084245825
888,297,3,2,37813.7160869006,10.8535,279.092472906528
889,298,1,1,1061687.522358,10.85555,
890,298,2,2,40174.0588504218,10.873283333333,285.28923771491
891,298,3,2,30560.2279746549,10.890333333333,663.452688105276
892,299,1,1,1056024.558262,10.892366666667,
893,299,2,2,30696.0960958027,10.910116666667,295.187854180736
894,299,3,2,17326.8628133603,10.92715,721.504347109611
895,300,1,1,1040416.309103,10.929183333333,
896,300,2,2,6037.15190270968,10.946916666667,59.059873241866
897,300,3,2,37908.3970848923,10.96395,279.092543543265
898,301,1,1,1040396.363156,10.965983333333,
899,301,2,2,41131.4248340858,10.983733333333,285.289443547196
900,301,3,2,30667.8794184075,11.000783333333,663.451475882422
901,302,1,1,1029064.327316,11.0028,
902,302,2,2,24908.1658214745,11.020533333333,124.086265312584
903,302,3,2,17973.1660948351,11.037566666667,721.505209848143
904,303,1,1,1044549.132365,11.0396,
905,303,2,2,38531.8674904103,11.05735,279.093275176571
906,303,3,2,31829.1394615533,11.074383333333,295.187442963323
907,304,1,1,1064844.040779,11.076416666667,
908,304,2,2,40086.0701895546,11.094166666667,285.289223204042
909,304,3,2,30549.0627166894,11.111216666667,663.452106957341
910,305,1,1,1068256.246299,11.11325,
911,305,2,2,6434.96492740047,11.130966666667,59.059773236984
912,305,3,2,25536.8432942524,11.148016666667,124.086628727606
913,306,1,1,1056644.555313,11.150033333333,
914,306,2,2,38284.0423234239,11.167783333333,279.092827285733
915,306,3,2,18023.0541235726,11.184833333333,721.504063486839
916,307,1,1,1063282.146892,11.186866666667,
917,307,2,2,40856.2182611679,11.2046,285.289502047527
918,307,3,2,31742.3301910165,11.22165,663.452701271772
919,308,1,1,1063586.428185,11.223683333333,
920,308,2,2,26195.5437229708,11.241416666667,124.086197940226
921,308,3,2,32515.571748655,11.25845,295.186736505252
922,309,1,1,1047685.123394,11.260483333333,
923,309,2,2,20102.998662828,11.2782,276.196151183759
924,309,3,2,38910.0298477283,11.29525,279.092743583309
925,310,1,1,1080587.238167,11.297283333333,
926,310,2,2,41784.9569209591,11.315033333333,285.289321286176
927,310,3,2,31371.3857076323,11.332066666667,663.452033844522
928,311,1,1,1038480.698922,11.3341,
929,311,2,2,24823.878641913,11.351833333333,124.08621637137
930,311,3,2,18035.6767709797,11.368866666667,721.504069532093
931,312,1,1,1053721.503854,11.3709,
932,312,2,2,38609.4936497709,11.38865,279.092771285981
933,312,3,2,33334.3346218124,11.4057,295.187420675821
934,313,1,1,1090998.66193,11.407716666667,
935,313,2,2,42504.4072792785,11.425466666667,285.289448623583
936,313,3,2,32470.8608597281,11.4425,663.45339623578
937,314,1,1,1075983.910185,11.444533333333,
938,314,2,2,24629.9718357402,11.462283333333,124.086453458602
939,314,3,2,19733.2232987732,11.479316666667,276.195367116614
940,315,1,1,1087314.728625,11.48135,
941,315,2,2,6115.15561220395,11.499116666667,59.060044251288
942,315,3,2,39402.1935509469,11.516166666667,279.092703669834
943,316,1,1,1083256.716728,11.5182,
944,316,2,2,40740.994213139,11.535933333333,285.289653475845
945,316,3,2,32404.1678886845,11.552983333333,663.45227910941
946,317,1,1,1072010.264451,11.555016666667,
947,317,2,2,20686.5950193393,11.572733333333,276.194573067925
948,317,3,2,18234.2257852214,11.589783333333,721.50663202285
949,318,1,1,1078805.860034,11.591816666667,
950,318,2,2,39980.795930331,11.609583333333,279.09310556744
951,318,3,2,31578.1389187519,11.626616666667,295.187208932322
952,319,1,1,1095223.110785,11.628666666667,
953,319,2,2,40936.2850081381,11.646416666667,285.288926160136
954,319,3,2,37774.2983813484,11.663466666667,663.451384935198
955,320,1,1,1184007.551944,11.6655,
956,320,2,2,6457.35954056046,11.683283333333,59.059912181338
957,320,3,2,20249.515005284,11.700316666667,721.503755448472
958,321,1,1,1179512.890198,11.70235,
959,321,2,2,41429.6662515351,11.720116666667,279.092688361437
960,321,3,2,30332.5694780509,11.73715,295.187141949853
961,322,1,1,1209058.728355,11.739183333333,
962,322,2,2,41145.1244175197,11.756933333333,285.289140492663
963,322,3,2,48935.4329893443,11.773983333333,663.452360588171
964,323,1,1,1209090.478495,11.776016666667,
965,323,2,2,24129.8274590558,11.793766666667,124.086950128228
966,323,3,2,23392.1242845996,11.810816666667,721.505858654996
967,324,1,1,1264526.661603,11.81285,
968,324,2,2,43927.635524224,11.830633333333,279.093409751215
969,324,3,2,20550.7606648349,11.847666666667,316.187901437035
970,325,1,1,1257899.740901,11.8497,
971,325,2,2,41214.5455300136,11.867466666667,285.289446272521
972,325,3,2,53813.3966283509,11.884516666667,663.452128224118
973,326,1,1,1321519.364368,11.88655,
974,326,2,2,6735.79830313665,11.904333333333,59.05978903089
975,326,3,2,39695.7452164168,11.921383333333,371.101237669267
976,327,1,1,1360931.413203,11.923416666667,
977,327,2,2,6269.65958212637,11.9412,60.04401793929
978,327,3,2,47187.9053466559,11.958233333333,279.093203137071
979,328,1,1,1416580.233562,11.960266666667,
980,328,2,2,42024.7929957234,11.978083333333,285.289059711487
981,328,3,2,53523.9094033196,11.995116666667,663.452024862787
982,329,1,1,1381745.677766,11.99715,
983,329,2,2,54194.5195224732,12.01495,371.101110414992
984,329,3,2,41200.0822701424,12.031983333333,445.120189931925
985,330,1,1,1438963.450878,12.034016666667,
986,330,2,2,48719.1270561329,12.051833333333,279.092698466412
987,330,3,2,17106.2825049149,12.068866666667,355.069955869893
988,331,1,1,1454798.865523,12.0709,
989,331,2,2,42629.5934220918,12.088716666667,285.289512051743
990,331,3,2,53079.0703136469,12.105766666667,663.452331768773
991,332,1,1,1442447.389499,12.1078,
992,332,2,2,83323.9134373214,12.125583333333,371.101063901028
993,332,3,2,73266.8197267293,12.142633333333,445.119547475348
994,333,1,1,1446626.401834,12.144683333333,
995,333,2,2,48708.3356563343,12.16245,279.092963951948
996,333,3,2,21964.3526142531,12.1795,355.069383684978
997,334,1,1,1455744.346163,12.181533333333,
998,334,2,2,42925.8805360634,12.19935,285.289849650505
999,334,3,2,47704.8710337874,12.216383333333,663.452330924629
1000,335,1,1,1436650.433421,12.218416666667,
1001,335,2,2,91374.542722954,12.236233333333,371.101155190629
1002,335,3,2,71743.6410046142,12.253266666667,445.119192188383
1003,336,1,1,1416705.984389,12.255316666667,
1004,336,2,2,49227.6835081783,12.273083333333,279.093145758339
1005,336,3,2,17679.9235299434,12.290116666667,355.069919947143
1006,337,1,1,1323124.845736,12.29215,
1007,337,2,2,44245.3592581449,12.30995,285.289298608022
1008,337,3,2,42016.9534881925,12.326983333333,663.452298259468
1009,338,1,1,1319349.544127,12.329033333333,
1010,338,2,2,57047.4741988273,12.3468,371.10058514468
1011,338,3,2,38274.5300108966,12.36385,445.119726088688
1012,339,1,1,1298807.078165,12.365883333333,
1013,339,2,2,6456.30998497959,12.383666666667,60.043942800437
1014,339,3,2,48852.5188939341,12.400716666667,279.093232536878
1015,340,1,1,1246323.998357,12.40275,
1016,340,2,2,42092.4691551135,12.420516666667,285.289505907232
1017,340,3,2,38847.8971117952,12.437566666667,663.452010228844
1018,341,1,1,1258461.23634,12.4396,
1019,341,2,2,6152.79305233998,12.4574,59.059460479568
1020,341,3,2,38787.7791889971,12.47445,371.101157924616
1021,342,1,1,1251668.388462,12.476483333333,
1022,342,2,2,6339.8886092016,12.49425,60.044081217073
1023,342,3,2,49050.691712369,12.5113,279.092746007355
1024,343,1,1,1256086.212129,12.513333333333,
1025,343,2,2,41536.5402771365,12.531116666667,285.289185977218
1026,343,3,2,34374.8955262906,12.548166666667,663.4528169831
1027,344,1,1,1220299.918953,12.550183333333,
1028,344,2,2,27257.7095841398,12.56795,371.099390211315
1029,344,3,2,16481.168764716,12.585,721.504187305632
1030,345,1,1,1070255.557219,12.587033333333,
1031,345,2,2,29089.5727867782,12.604783333333,279.093192480185
1032,345,3,2,75407.333945307,12.621833333333,362.925772436937
1033,346,1,1,662897.5832322,12.62385,
1034,346,2,2,28649.9998688346,12.64145,124.086362486034
1035,346,3,2,32562.7172281999,12.658483333333,285.289593329402
1036,347,1,1,419983.7726109,12.660516666667,
1037,347,2,2,22659.4403150228,12.678,295.187525063868
1038,347,3,2,34389.9311354207,12.69505,467.300498401865
1039,348,1,1,351848.9676984,12.697083333333,
1040,348,2,2,20673.7716138845,12.714516666667,457.156456593743
1041,348,3,2,30702.0390581043,12.73155,489.311926931384
1042,349,1,1,315958.5440721,12.7336,
1043,349,2,2,28615.2967739213,12.751033333333,124.086397419309
1044,349,3,2,28188.1296051268,12.768066666667,285.289028122617
1045,350,1,1,284530.5315243,12.7701,
1046,350,2,2,27761.2631317395,12.787583333333,224.127397201718
1047,350,3,2,38734.9001317823,12.804633333333,467.300274557594
1048,351,1,1,264917.607135,12.806666666667,
1049,351,2,2,24997.687965704,12.82405,445.287776613949
1050,351,3,2,32996.1642622663,12.8411,489.314006575253
1051,352,1,1,264000.0016022,12.843133333333,
1052,352,2,2,26734.0921701346,12.860533333333,124.086281299153
1053,352,3,2,28345.8269106766,12.877583333333,285.289658497116
1054,353,1,1,250825.6155586,12.8796,
1055,353,2,2,27955.6936569474,12.896983333333,224.127176310385
1056,353,3,2,38436.330497677,12.914033333333,467.299344188366
1057,354,1,1,260124.510489,12.916066666667,
1058,354,2,2,25726.2340917316,12.933466666667,445.28551860258
1059,354,3,2,34877.6506148306,12.950516666667,489.312213518062
1060,355,1,1,262735.0162674,12.95255,
1061,355,2,2,26469.6894539812,12.96995,124.086404906599
1062,355,3,2,27074.2419726422,12.987,285.290261902942
1063,356,1,1,261953.4006257,12.989033333333,
1064,356,2,2,26553.2680775139,13.006433333333,224.127693286129
1065,356,3,2,39574.5154048303,13.023466666667,467.299302134284
1066,357,1,1,260741.7705651,13.0255,
1067,357,2,2,25986.3704627006,13.043083333333,445.285732910591
1068,357,3,2,34423.4452588924,13.060116666667,489.312867928056
1069,358,1,1,250832.4310671,13.06215,
1070,358,2,2,26979.0993463087,13.079566666667,124.086340404673
1071,358,3,2,27042.6185761643,13.0966,285.289278464773
1072,359,1,1,250206.9640153,13.098633333333,
1073,359,2,2,6223.71789368131,13.116016666667,59.059870444867
1074,359,3,2,39690.7955911467,13.13305,467.300085636906
1075,360,1,1,256381.6899433,13.1351,
1076,360,2,2,25517.4770120909,13.152483333333,445.286873640455
1077,360,3,2,34323.4838812797,13.169516666667,489.313036336297
1078,361,1,1,252515.0269118,13.171566666667,
1079,361,2,2,25477.4702845012,13.188966666667,124.086900827482
1080,361,3,2,27426.0445562978,13.206016666667,285.289105475365
1081,362,1,1,256578.4317913,13.20805,
1082,362,2,2,39351.9492599378,13.225433333333,467.299873403982
1083,362,3,2,20941.4259398741,13.242483333333,511.325670575816
1084,363,1,1,251932.5728117,13.244516666667,
1085,363,2,2,25662.5927589906,13.2619,445.288162482747
1086,363,3,2,34846.2687982633,13.27895,489.313175143503
1087,364,1,1,248187.887901,13.280983333333,
1088,364,2,2,26574.1465325525,13.298383333333,124.086552176311
1089,364,3,2,27512.3518527796,13.315433333333,285.289302077382
1090,365,1,1,252455.1528554,13.31745,
1091,365,2,2,26816.5818094573,13.334833333333,224.127860360022
1092,365,3,2,40477.6885141592,13.351866666667,467.299117534587
1093,366,1,1,267994.6265425,13.353916666667,
1094,366,2,2,6776.8524762735,13.371316666667,59.059552555223
1095,366,3,2,34831.7914598587,13.388366666667,489.312988305486
1096,367,1,1,250273.465875,13.3904,
1097,367,2,2,25542.6610173565,13.4078,124.086099470752
1098,367,3,2,27595.9730440257,13.42485,285.289475187404
1099,368,1,1,256888.2630436,13.426883333333,
1100,368,2,2,14304.2919903726,13.444266666667,295.187592069423
1101,368,3,2,41445.8135763989,13.461316666667,467.300539952694
1102,369,1,1,252849.2300765,13.46335,
1103,369,2,2,26271.6912203533,13.480766666667,445.288448963052
1104,369,3,2,35451.0517052616,13.4978,489.313227255095
1105,370,1,1,250532.897572,13.499833333333,
1106,370,2,2,24736.6391377281,13.517233333333,124.086884191155
1107,370,3,2,27853.3526071542,13.534283333333,285.28912567658
1108,371,1,1,248456.4757371,13.536316666667,
1109,371,2,2,25376.6056342687,13.5537,224.127263878468
1110,371,3,2,40365.1469670679,13.570733333333,467.299299106
1111,372,1,1,269868.1350896,13.572783333333,
1112,372,2,2,14535.7454658932,13.590183333333,295.187204460753
1113,372,3,2,34903.1537374063,13.607216666667,489.312341306243
1114,373,1,1,252217.093479,13.609266666667,
1115,373,2,2,26495.8959471823,13.626666666667,124.086936650314
1116,373,3,2,26594.9516670529,13.6437,285.288994061322
1117,374,1,1,260731.1764628,13.64575,
1118,374,2,2,6261.97763914921,13.663133333333,59.05965027825
1119,374,3,2,41086.805305873,13.680166666667,467.300962036943
1120,375,1,1,262487.7861879,13.6822,
1121,375,2,2,26666.9598312194,13.699666666667,445.286829080077
1122,375,3,2,34317.9549205422,13.716716666667,489.313465903842
1123,376,1,1,256164.1415347,13.71875,
1124,376,2,2,25440.9019448815,13.736383333333,124.086291318651
1125,376,3,2,26199.0581564814,13.753433333333,285.290347107069
1126,377,1,1,260588.6598338,13.755466666667,
1127,377,2,2,6231.41311861029,13.773016666667,59.059906453665
1128,377,3,2,40639.0453724449,13.79005,467.300807362943
1129,378,1,1,266607.6556735,13.7921,
1130,378,2,2,15378.4312885847,13.809566666667,295.18816088477
1131,378,3,2,35007.4629821852,13.8266,489.313127649156
1132,379,1,1,253271.9006714,13.82865,
1133,379,2,2,23041.6605436506,13.846016666667,124.086527058046
1134,379,3,2,26933.436802178,13.86305,285.288390356926
1135,380,1,1,249843.4923541,13.8651,
1136,380,2,2,27200.4425208198,13.882466666667,445.287165903797
1137,380,3,2,40597.5255695556,13.899516666667,467.300464317865
1138,381,1,1,265122.9493308,13.90155,
1139,381,2,2,15637.3502845768,13.918966666667,295.186977304254
1140,381,3,2,35704.2349807675,13.936,489.312205359347
1141,382,1,1,256554.622895,13.938033333333,
1142,382,2,2,26410.9863851311,13.95545,124.086450714021
1143,382,3,2,26697.0007295291,13.972483333333,285.289407511099
1144,383,1,1,265710.5129216,13.974516666667,
1145,383,2,2,26893.2906192077,13.9919,445.286333898931
1146,383,3,2,40761.859992329,14.00895,467.299610236114
1147,384,1,1,262290.3928296,14.010983333333,
1148,384,2,2,26523.4555525477,14.028366666667,224.127142401828
1149,384,3,2,35014.449755808,14.045416666667,489.312905876563
1150,385,1,1,259207.9922186,14.04745,
1151,385,2,2,26410.0380460587,14.064833333333,124.08688881244
1152,385,3,2,27559.0627690894,14.081883333333,285.289762207225
1153,386,1,1,272049.5054895,14.083916666667,
1154,386,2,2,26121.4690220496,14.101316666667,445.286705159427
1155,386,3,2,41746.6566510034,14.11835,467.30015669186
1156,387,1,1,262020.7129874,14.120383333333,
1157,387,2,2,25792.4449097845,14.137783333333,224.12869474207
1158,387,3,2,35619.8683847658,14.154833333333,489.312716870787
1159,388,1,1,255720.7085337,14.156866666667,
1160,388,2,2,27068.4184210915,14.174283333333,124.086197738513
1161,388,3,2,26983.0362218744,14.191316666667,285.29008548219
1162,389,1,1,271827.9601906,14.19335,
1163,389,2,2,40935.506553477,14.210883333333,467.300082879549
1164,389,3,2,21126.5401442632,14.227916666667,511.325355708234
1165,390,1,1,275319.7427417,14.22995,
1166,390,2,2,15823.2373916923,14.247333333333,295.186992565455
1167,390,3,2,35236.8949097051,14.264383333333,489.312817637214
1168,391,1,1,273974.6122616,14.266433333333,
1169,391,2,2,25835.9702024479,14.283816666667,124.086052520388
1170,391,3,2,27066.0665680516,14.300866666667,285.289627082499
1171,392,1,1,266658.482826,14.302883333333,
1172,392,2,2,6352.13513233077,14.320433333333,59.05954546404
1173,392,3,2,40050.8705564505,14.337466666667,467.299771310587
1174,393,1,1,254820.9754127,14.3395,
1175,393,2,2,15981.8275893597,14.356966666667,295.1869085187
1176,393,3,2,35029.1628285834,14.374016666667,489.313437714379
1177,394,1,1,261128.4482463,14.37605,
1178,394,2,2,26614.5573837649,14.39345,124.086591414106
1179,394,3,2,25936.5630207295,14.410483333333,285.289773727587
1180,395,1,1,271696.9876592,14.412516666667,
1181,395,2,2,40862.5744030896,14.4299,467.299770142103
1182,395,3,2,21385.880987444,14.446933333333,511.325231982081
1183,396,1,1,262145.8656152,14.448966666667,
1184,396,2,2,26545.0767416152,14.46635,445.287403164798
1185,396,3,2,35276.6493742572,14.483383333333,489.312320227794
1186,397,1,1,277126.5647963,14.485433333333,
1187,397,2,2,25985.3691694644,14.50285,124.086376362427
1188,397,3,2,26980.9983653546,14.519883333333,285.28954664127
1189,398,1,1,261231.8324818,14.521933333333,
1190,398,2,2,15800.9475659924,14.539516666667,295.187847139431
1191,398,3,2,40943.7960659146,14.556566666667,467.29995412775
1192,399,1,1,269214.694914,14.5586,
1193,399,2,2,27235.231405863,14.5761,445.287148642968
1194,399,3,2,35381.2163007927,14.59315,489.313082195995
1195,400,1,1,267143.514505,14.595166666667,
1196,400,2,2,27117.8370257825,14.612583333333,124.086777640401
1197,400,3,2,26809.1220621283,14.629633333333,285.289246051157
1198,401,1,1,264914.1395901,14.631666666667,
1199,401,2,2,40973.7765432355,14.649066666667,467.300280671287
1200,401,3,2,21355.2356014497,14.6661,511.326565784143
1201,402,1,1,274788.0913235,14.668133333333,
1202,402,2,2,15167.2913723973,14.685583333333,295.185832150263
1203,402,3,2,36127.0907315042,14.702616666667,489.313236367047
1204,403,1,1,266422.1093785,14.70465,
1205,403,2,2,25762.0425346506,14.722083333333,124.086589391338
1206,403,3,2,26629.4059410569,14.739116666667,285.289007445234
1207,404,1,1,265761.7707379,14.74115,
1208,404,2,2,40893.0258736484,14.758583333333,467.300572059103
1209,404,3,2,21574.0501904359,14.775633333333,511.327011897779
1210,405,1,1,259365.6439393,14.777666666667,
1211,405,2,2,26944.2109693328,14.795083333333,445.28815472863
1212,405,3,2,34100.1087800544,14.812116666667,489.313511096869
1213,406,1,1,252933.4102733,14.814166666667,
1214,406,2,2,26541.8494453143,14.831583333333,124.086354441756
1215,406,3,2,26798.3563214076,14.848616666667,285.289664355041
1216,407,1,1,269901.7226336,14.850666666667,
1217,407,2,2,16945.8289585156,14.868083333333,295.187386370743
1218,407,3,2,40818.2494307652,14.885133333333,467.300498914888
1219,408,1,1,271944.2597779,14.887166666667,
1220,408,2,2,27431.104502592,14.9046,445.286764241934
1221,408,3,2,35289.9669428744,14.921633333333,489.313115190274
1222,409,1,1,259181.0312687,14.923666666667,
1223,409,2,2,26608.9795641742,14.941116666667,124.086289191303
1224,409,3,2,26006.1359725612,14.95815,285.289773831926
1225,410,1,1,276614.9823906,14.960183333333,
1226,410,2,2,15841.0276085322,14.977616666667,295.188128900886
1227,410,3,2,40542.0011605177,14.99465,467.300463315467
